episode,step,return
0,299,-30.748578
0,299,-17.850457
0,299,-26.67903
1,300,-33.609208
1,300,-30.705327
1,300,-21.257515
2,301,-16.952708
2,301,-20.323244
2,301,-24.883584
3,303,-26.679521
3,303,-20.466525
3,303,-25.389184
4,304,-26.682808
4,304,-22.724624
4,304,-18.801381
5,306,-21.191601
5,306,-22.917084
5,306,-14.228894
6,307,-33.217338
6,307,-26.608721
6,307,-5.846369
7,308,-15.420155
7,308,-13.944647
7,308,-2.539308
8,310,-7.98428
8,310,-11.271148
8,310,-6.670506
9,311,-8.254098
9,311,-9.39339
9,311,-8.378579
10,313,-3.826254
10,313,1.647609
10,313,-18.631203
11,314,-3.956488
11,314,-10.421172
11,314,-2.658389
12,315,0.70716
12,315,-22.463626
12,315,-7.19352
13,317,-5.240445
13,317,-1.912134
13,317,-2.208345
14,318,-1.228481
14,318,-1.902956
14,318,-3.357545
15,320,-0.050969
15,320,2.104937
15,320,-0.835866
16,321,-0.594043
16,321,-1.108403
17,322,3.996304
17,322,-2.449133
18,324,1.0562
18,324,3.352473
19,325,3.358808
19,325,2.597233
20,327,2.134765
20,327,-0.137907
21,328,-1.061292
21,328,-0.311166
22,329,-10.363142
22,329,-1.777293
23,331,-14.134381
23,331,3.026024
24,332,5.313593
24,332,-3.005095
25,334,2.134026
25,334,-7.166567
26,335,-7.142703
26,335,3.405561
27,336,-2.706418
27,336,-5.861795
28,338,-3.272802
28,338,-5.349372
29,339,-3.503757
29,339,-5.23097
30,341,-0.873071
31,342,-6.592016
32,343,0.485589
33,345,-3.998029
34,346,-6.684643
35,348,-6.418922
36,349,-4.461312
37,350,-5.615398
38,352,-13.361737
39,353,-16.49206
40,355,-1.967461
41,356,-10.784024
42,357,-6.408251
43,359,-13.37344
44,360,-4.221424
45,362,-17.68669
46,363,-27.718389
47,364,-13.338563
48,366,-11.995534
49,367,-7.174195
50,369,-14.946328
51,370,-19.651147
52,371,-10.475758
53,373,-10.916182
54,374,-11.942231
55,376,-22.11667
56,377,-19.338976
57,378,-14.632446
58,380,-31.546647
59,381,-21.102965
60,383,-33.481082
61,384,-16.228187
62,385,-20.787602
63,387,-25.703313
64,388,-20.714993
65,390,-24.129949
66,391,-26.776952
67,392,-23.40375
68,394,-21.070996
69,395,-19.9551
70,397,-17.942133
71,398,-22.522986
72,399,-19.563541
73,401,-26.286114
74,402,-17.503408
75,404,-21.444897
76,405,-24.157658
77,406,-22.087812
78,408,-25.152312
79,409,-17.779118
80,411,-17.765401
81,412,-13.211772
82,413,-20.276797
83,415,-13.552115
84,416,-24.834707
85,418,-18.308145
86,419,-11.954609
87,420,-12.486822
88,422,-15.420954
89,423,-12.763966
90,425,-16.847365
91,426,-13.841045
92,427,-10.457299
93,429,-9.741711
94,430,-14.486499
95,432,-5.206569
96,433,-10.79206
97,434,-6.989733
98,436,-11.085679
99,437,0.46281
100,439,-8.276222
101,440,-10.296576
102,441,-12.13844
103,443,-12.841124
104,444,-13.423546
105,446,-6.595997
106,447,-21.28569
107,448,-4.464105
108,450,-5.750684
109,451,-15.280307
110,453,-14.180371
111,454,-10.059789
112,455,-5.065472
113,457,-14.417789
114,458,-14.877928
115,460,-18.643607
116,461,-6.26157
117,462,-16.508042
118,464,-13.962954
119,465,-10.102645
120,467,-9.179375
121,468,-22.40328
122,469,-21.663708
123,471,-29.159494
124,472,1.621432
125,474,-6.147905
126,475,-4.052592
127,476,-4.844533
128,478,-3.538595
129,479,-13.916704
130,481,-11.785294
131,482,-17.820021
132,483,-10.769019
133,485,-10.343437
134,486,-7.259673
135,488,-9.526884
136,489,-15.387749
137,490,-4.725838
138,492,-3.289103
139,493,-5.355422
140,495,-15.741809
141,496,-14.126485
142,497,-12.487442
143,499,-5.089624
144,500,-9.791835
145,502,-14.276883
146,503,-10.500793
147,504,-7.366113
148,506,-4.229866
149,507,-7.696858
150,509,-8.381708
151,510,-8.770903
152,511,-14.510913
153,513,-25.064733
154,514,-5.328129
155,516,-11.881947
156,517,-0.681539
157,518,-5.999097
158,520,-10.570937
159,521,-4.949118
160,523,-19.968933
161,524,-5.413348
162,525,-7.253158
163,527,-11.739703
164,528,-10.339623
165,530,-11.363624
166,531,-4.213417
167,532,-4.650562
168,534,-2.133214
169,535,-8.120373
170,537,-10.277918
171,538,-6.571174
172,539,-3.317365
173,541,-6.305735
174,542,0.485608
175,544,-2.125752
176,545,-8.06608
177,546,-11.316228
178,548,-18.176815
179,549,-8.503291
180,551,-11.661198
181,552,0.801943
182,553,-17.142258
183,555,-4.848594
184,556,-17.754214
185,558,-15.335451
186,559,-8.729998
187,560,-17.710123
188,562,-8.67609
189,563,-8.548056
190,565,0.777037
191,566,-12.125084
192,567,-14.327902
193,569,-14.068981
194,570,-12.931534
195,572,0.083406
196,573,-15.471841
197,574,-7.630043
198,576,-33.120126
199,577,-12.74891
200,579,-5.638173
201,580,-7.295755
202,581,-21.782437
203,583,-8.908942
204,584,-7.056383
205,586,-7.821197
206,587,-13.414529
207,588,-17.536698
208,590,-11.160374
209,591,-9.607261
210,593,-8.983238
211,594,-14.077537
212,595,-13.43385
213,597,-12.061165
214,598,-24.464117
215,600,-18.055771
216,601,-18.502211
217,602,-5.909018
218,604,-7.592645
219,605,-8.139476
220,607,-11.516541
221,608,-11.316313
222,609,-10.606878
223,611,-10.270845
224,612,-14.733962
225,614,-6.91199
226,615,-6.044345
227,616,-4.474752
228,618,-9.287079
229,619,-16.956974
230,368,-1.122845
231,622,-13.072991
232,623,-17.557004
233,625,-7.36193
234,626,-22.900704
235,628,-5.957498
236,629,-7.48722
237,630,-11.433075
238,632,-7.872616
239,633,-6.582664
240,635,-11.419041
241,636,-11.718972
242,637,-4.646817
243,639,-17.93762
244,305,-0.102786
245,642,-9.952149
246,643,-10.207549
247,644,-23.86574
248,646,-6.763641
249,647,-18.061798
250,649,-10.093686
251,650,-6.757537
252,651,-12.360604
253,297,2.171266
254,46,12.422835
255,656,-12.890326
256,657,-14.753142
257,658,-11.757916
258,660,-13.290003
259,661,-10.840298
260,663,-17.942132
261,664,-7.753705
262,665,-11.666137
263,667,-13.229541
264,668,-4.131217
265,670,-15.471018
266,671,-16.25628
267,672,-17.426524
268,674,-25.080161
269,60,11.80453
270,459,-6.371882
271,678,-14.964186
272,679,-17.514904
273,681,-13.857426
274,682,-11.56688
275,684,-12.329946
276,152,5.735183
277,49,11.128639
278,688,-18.182743
279,689,-12.398315
280,7,6.151009
281,139,6.58832
282,693,-4.201438
283,695,-14.613853
284,696,-8.52691
285,698,-13.960827
286,17,11.228134
287,74,11.616978
288,33,10.404175
289,703,-15.67964
290,705,-9.195973
291,212,7.631844
292,109,7.446028
293,377,-3.674185
294,333,1.733857
295,80,14.937923
296,713,-9.529373
297,67,11.957321
298,242,3.942123
299,72,11.827975
300,273,3.623959
301,720,-24.116564
302,1,-1.884736
303,723,-12.49014
304,724,-15.589936
305,11,5.77994
306,251,3.173657
307,728,-19.942805
308,42,3.854514
309,46,8.360485
310,295,4.339592
311,734,-2.099823
312,735,-17.370596
313,343,7.426207
314,28,10.209377
315,740,-6.806337
316,68,9.458792
317,40,9.813404
318,21,11.154745
319,34,9.193765
320,17,1.253139
321,433,-1.320996
322,111,8.394163
323,156,3.070766
324,71,6.262239
325,19,7.517496
326,755,-16.095931
327,756,-19.158983
328,758,-12.68384
329,93,8.736059
330,33,13.411939
331,678,-22.746079
332,50,5.360076
333,196,9.878664
334,80,18.607682
335,768,-23.080174
336,58,7.060049
337,770,-11.802006
338,400,3.598115
339,29,10.345318
340,775,-15.439043
341,142,8.479437
342,777,-9.890268
343,126,9.578673
344,0,-1.675326
345,112,10.284158
346,86,11.599987
347,49,14.661897
348,786,-15.383314
349,141,13.048443
350,0,-3.3617
351,15,8.577152
352,116,12.687075
353,377,1.488306
354,37,10.054363
355,5,3.627602
356,348,6.282769
357,798,-27.786582
358,77,13.099078
359,801,-27.684226
360,11,11.829251
361,57,12.203019
362,14,9.063208
363,807,-27.275454
364,808,-20.689899
365,36,12.420473
366,70,7.985871
367,60,6.763087
368,814,-16.420976
369,137,7.729481
370,20,11.461208
371,70,8.115738
372,12,6.416538
373,821,-15.140444
374,79,3.926067
375,56,8.737626
376,825,-14.579624
377,826,-14.604349
378,96,9.993426
379,829,-16.133368
380,7,5.789348
381,170,9.486828
382,699,-16.275412
383,50,10.594533
384,29,9.423778
385,838,-14.82907
386,287,8.562477
387,29,10.68389
388,5,-0.055265
389,12,8.842551
390,845,-20.420122
391,21,9.917292
392,349,4.910011
393,184,5.014183
394,23,9.050846
395,42,10.67548
396,0,-10.141295
397,14,10.645263
398,24,11.220517
399,102,13.356161
400,52,14.425991
401,69,15.336808
402,38,13.401011
403,0,-5.511022
404,864,-22.281974
405,82,18.372128
406,519,-7.311845
407,4,2.239415
408,16,8.017741
409,81,9.679666
410,163,-2.30986
411,236,-2.862138
412,27,7.552394
413,109,16.249815
414,91,15.227146
415,28,6.153595
416,46,11.359571
417,882,-14.706717
418,7,-0.081443
419,11,12.491645
420,41,16.812155
421,109,10.398948
422,172,9.588977
423,46,13.120933
424,122,9.415827
425,894,-18.418189
426,9,-1.199884
427,30,6.248756
428,22,9.725888
429,15,11.218494
430,19,7.705839
431,261,6.340608
432,123,7.235048
433,38,6.149241
434,202,5.380308
435,15,4.559143
436,66,14.297103
437,910,-13.767715
438,73,12.553421
439,1,2.211158
440,177,7.119079
441,85,10.949808
442,19,7.478995
443,100,13.201165
444,234,9.00562
445,15,8.06374
446,923,-44.096447
447,41,9.741721
448,24,10.097074
449,44,9.069086
450,929,-19.332858
451,67,9.920414
452,49,5.488605
453,33,9.084744
454,231,14.031712
455,87,14.663999
456,31,13.020061
457,22,9.589519
458,11,9.260895
459,25,5.717915
460,943,-29.526285
461,16,9.768209
462,62,1.742058
463,116,11.931476
464,11,12.094924
465,229,6.713955
466,951,-29.345273
467,51,13.615388
468,363,17.619623
469,35,15.040322
470,13,7.317638
471,29,9.630668
472,34,9.578879
473,47,9.986766
474,18,9.105193
475,19,9.072784
476,52,10.520606
477,140,12.651497
478,2,0.680936
479,113,12.771718
480,465,5.054993
481,171,10.53823
482,57,6.422625
483,975,-17.423124
484,36,13.978169
485,21,10.769392
486,492,-2.804104
487,286,7.096976
488,182,6.950081
489,21,8.122905
490,19,17.704197
491,7,8.306083
492,13,8.060728
493,24,12.001607
494,7,7.229595
495,45,6.455284
496,29,12.918224
497,18,10.440738
498,163,9.63897
499,60,12.025285
500,999,-20.492705
501,999,-27.141512
502,13,6.937037
503,13,9.608775
504,14,8.380611
505,131,9.154634
506,101,12.950473
507,999,-17.634602
508,57,6.8022
509,15,10.783514
510,13,8.453343
511,999,-17.82099
512,35,9.388506
513,233,5.098312
514,1,-2.28556
515,25,13.765267
516,330,4.758192
517,22,11.472859
518,67,7.975985
519,2,-4.508568
520,30,11.93795
521,999,-23.769695
522,27,13.354081
523,147,1.442073
524,52,11.60421
525,42,13.318124
526,170,10.601224
527,15,7.942416
528,9,5.723145
529,21,13.478969
530,44,5.829979
531,44,16.341382
532,595,-4.291821
533,15,9.830826
534,27,12.912223
535,29,13.771461
536,382,3.290351
537,71,7.488074
538,999,-21.8656
539,999,-34.055181
540,35,9.009975
541,133,12.282476
542,20,12.170003
543,12,6.938526
544,124,10.368487
545,13,9.046292
546,2,0.489291
547,0,1.732089
548,4,5.958058
549,14,11.048294
550,40,13.210522
551,178,2.090139
552,17,10.967183
553,31,17.702926
554,29,10.169106
555,16,10.146482
556,1,0.505647
557,999,-23.886675
558,73,16.503876
559,5,5.61839
560,236,2.495585
561,59,8.675326
562,57,9.811288
563,999,-24.856596
564,15,9.590234
565,39,13.112651
566,7,7.620994
567,15,8.487745
568,6,0.520379
569,78,7.226388
570,16,12.497166
571,18,8.490864
572,54,13.185872
573,11,7.379552
574,91,11.442074
575,27,10.210584
576,103,7.488479
577,7,3.716474
578,999,-28.599006
579,22,12.713605
580,37,10.880251
581,12,12.027003
582,68,13.221124
583,327,8.248388
584,15,4.167589
585,52,11.536886
586,19,8.873101
587,98,9.433116
588,27,12.360804
589,17,15.14183
590,54,11.901058
591,141,8.270598
592,46,13.383124
593,26,11.115972
594,45,12.880325
595,12,10.468985
596,53,14.434587
597,134,14.443059
598,41,11.860287
599,6,7.52462
600,65,13.043898
601,46,10.440782
602,14,7.279232
603,14,9.756925
604,264,5.775605
605,3,3.267569
606,999,-38.737665
607,11,16.240471
608,10,9.440248
609,102,12.292008
610,40,13.635098
611,36,16.033245
612,16,16.242097
613,35,10.28578
614,23,12.874469
615,12,5.449097
616,21,9.756032
617,43,11.886779
618,127,8.589246
619,999,-26.308834
620,41,9.896872
621,104,16.434565
622,39,9.888576
623,5,0.495477
624,68,14.181558
625,66,9.789059
626,36,11.616676
627,14,12.928952
628,35,15.48101
629,11,12.475311
630,8,4.283415
631,40,14.783517
632,38,14.415554
633,54,15.929279
634,13,7.508429
635,21,11.957472
636,999,-21.195261
637,19,13.764078
638,8,1.067454
639,41,5.054422
640,26,12.459557
641,58,13.119294
642,33,11.107561
643,30,12.525134
644,10,8.965846
645,42,13.775099
646,47,7.994658
647,20,12.135539
648,28,11.425623
649,187,10.291447
650,26,9.066851
651,999,-23.167548
652,16,7.130327
653,25,10.388969
654,58,12.431938
655,29,11.942178
656,999,-19.369935
657,16,8.525152
658,88,8.255701
659,20,11.379245
660,219,6.344529
661,18,9.698854
662,165,7.095643
663,23,11.571217
664,16,9.833044
665,1,1.067625
666,0,-2.952733
667,99,14.631197
668,58,9.89258
669,102,16.15235
670,29,12.963291
671,23,7.51096
672,68,14.670113
673,16,10.759022
674,29,11.413123
675,17,8.204824
676,52,10.503663
677,34,9.317259
678,12,7.383316
679,22,6.958273
680,2,4.581397
681,130,7.570181
682,32,12.424374
683,36,14.439822
684,230,23.020019
685,24,12.678822
686,18,14.674947
687,8,7.84794
688,999,-17.427741
689,6,6.27585
690,14,11.777001
691,46,10.583046
692,81,13.249522
693,7,9.038755
694,87,10.978738
695,11,11.461708
696,511,-4.469195
697,7,7.327684
698,137,-1.298873
699,64,16.216297
700,116,12.811244
701,81,14.295602
702,164,6.413076
703,23,12.361309
704,67,8.90389
705,4,5.662168
706,999,-27.970928
707,5,-1.188762
708,17,8.258985
709,28,10.67384
710,18,10.09772
711,6,9.320548
712,128,12.296538
713,28,12.890718
714,999,-21.46611
715,9,8.430305
716,0,3.301176
717,46,15.173902
718,40,9.868971
719,16,12.482723
720,27,11.588113
721,74,13.23007
722,56,9.434563
723,19,8.743163
724,42,11.195042
725,9,10.604514
726,42,14.710451
727,10,7.805056
728,10,11.462444
729,999,-13.31687
730,49,13.280224
731,572,-4.710201
732,40,12.940784
733,25,7.349554
734,30,7.704154
735,2,1.89293
736,21,13.569168
737,53,14.142596
738,63,13.279209
739,18,7.482858
740,20,11.213481
741,999,-32.986017
742,67,9.518306
743,1,0.298899
744,144,10.074041
745,28,16.007096
746,6,9.332266
747,142,9.382524
748,0,-1.271904
749,129,16.297362
750,74,12.764809
751,26,12.870409
752,25,12.271486
753,12,5.533955
754,175,11.944085
755,40,5.097673
756,6,-1.467624
757,14,11.767245
758,3,6.398162
759,12,7.970532
760,22,11.120585
761,15,10.620653
762,5,7.040282
763,901,-11.230209
764,47,11.634207
765,21,12.034713
766,4,2.200513
767,34,10.907828
768,18,9.904166
769,17,10.848407
770,23,13.346677
771,98,12.134648
772,32,15.556713
773,162,5.117029
774,13,1.436162
775,5,3.72249
776,21,9.205907
777,139,13.766825
778,19,10.517177
779,195,7.492156
780,9,8.585338
781,93,9.151839
782,17,11.047216
783,91,11.693265
784,7,10.484215
785,20,14.953977
786,26,12.186625
787,20,10.460216
788,25,9.768909
789,11,8.175604
790,0,-9.387382
791,18,10.695201
792,20,11.878374
793,30,11.039737
794,114,4.241
795,128,10.329935
796,20,9.91885
797,12,10.978769
798,68,7.998827
799,70,12.140063
800,67,14.598046
801,18,14.144747
802,53,7.838666
803,999,-18.519335
804,49,14.20093
805,44,15.913759
806,999,-28.492646
807,96,12.232352
808,999,-20.841058
809,3,6.087028
810,74,11.214264
811,261,8.205611
812,1,1.8876
813,52,13.532732
814,12,11.046563
815,5,7.651584
816,22,12.063228
817,8,9.03626
818,20,11.131614
819,18,10.65144
820,22,16.345803
821,19,11.115355
822,17,10.945114
823,13,11.630563
824,3,7.122829
825,15,11.675001
826,15,11.33411
827,14,11.732041
828,17,12.17061
829,55,13.004935
830,17,11.828094
831,62,15.327399
832,27,11.946219
833,20,11.287448
834,21,15.044813
835,17,13.709401
836,23,10.57921
837,36,14.140488
838,37,10.242095
839,999,-29.203694
840,13,11.802552
841,10,9.076105
842,25,11.815311
843,10,8.588693
844,22,13.643602
845,14,11.771885
846,30,12.770934
847,63,13.955959
848,20,15.172352
849,63,8.550486
850,69,15.58071
851,7,10.54427
852,35,16.188262
853,29,9.636394
854,102,5.639811
855,12,14.813459
856,48,9.741615
857,27,10.061485
858,19,11.463519
859,28,13.45339
860,33,14.357508
861,12,12.501935
862,32,11.977952
863,97,17.589707
864,23,10.260886
865,45,13.262
866,42,9.19961
867,5,4.168871
868,12,12.070522
869,114,10.520939
870,19,9.230434
871,59,10.488936
872,77,10.436738
873,18,12.143894
874,136,1.712326
875,7,7.905292
876,34,12.649913
877,141,10.021631
878,5,7.928936
879,11,6.364498
880,534,-1.925581
881,16,8.916914
882,140,10.929492
883,32,9.343481
884,39,13.466408
885,14,14.011967
886,10,9.540194
887,149,15.391276
888,84,12.019158
889,22,11.31881
890,51,16.563988
891,101,13.873521
892,999,-29.791404
893,2,5.759831
894,13,7.478388
895,19,11.591909
896,11,7.508947
897,20,7.3358
898,308,12.75436
899,40,9.494452
900,17,13.60277
901,76,6.688123
902,35,18.283462
903,31,14.013949
904,10,9.439202
905,23,9.821511
906,78,7.69834
907,8,8.268843
908,23,11.523978
909,70,11.949017
910,20,10.955219
911,4,7.422059
912,9,9.808104
913,52,16.511862
914,11,12.925415
915,55,16.406818
916,63,13.083082
917,30,11.782431
918,999,-33.164584
919,9,7.155124
920,28,11.428948
921,35,9.633592
922,100,11.178704
923,50,12.679168
924,29,7.27025
925,23,12.157272
926,83,8.288259
927,999,-20.9217
928,9,8.51752
929,92,9.692078
930,5,0.856671
931,151,10.673919
932,12,10.420436
933,202,7.89335
934,26,18.180445
935,502,3.186507
936,129,15.838543
937,999,-16.796421
938,31,6.284829
939,15,12.760355
940,101,10.887701
941,37,13.883797
942,93,13.48355
943,10,11.597543
944,11,12.225509
945,23,10.154811
946,54,10.154977
947,6,9.54218
948,32,15.915114
949,34,14.79882
950,28,9.407543
951,50,14.140126
952,9,12.893211
953,22,14.261929
954,14,13.459558
955,17,13.295867
956,19,15.439799
957,999,-23.0231
958,27,10.644952
959,241,7.342898
960,27,9.309146
961,999,-17.915841
962,24,10.882779
963,36,4.966795
964,5,6.226081
965,999,-28.644402
966,17,16.068965
967,24,10.667579
968,11,12.15087
969,18,11.713833
970,4,8.875295
971,64,12.21518
972,10,9.898476
973,116,11.970016
974,20,11.73339
975,447,0.600654
976,279,-6.054203
977,6,9.815917
978,7,10.125763
979,999,-18.492578
980,7,9.559854
981,188,10.786591
982,11,10.516708
983,28,8.680202
984,11,8.978333
985,66,12.838466
986,50,14.395839
987,5,7.928744
988,17,17.820476
989,59,12.708407
990,5,3.169987
991,64,11.333109
992,24,9.938416
993,40,11.864277
994,7,8.525059
995,27,13.825432
996,3,6.599123
997,15,11.249647
998,7,7.870425
999,174,8.399195
1000,13,11.139875
1001,0,0.240089
1002,29,12.035638
1003,1,1.120802
1004,14,14.245737
1005,14,12.759831
1006,29,13.103262
1007,4,6.976355
1008,15,10.885977
1009,12,11.615199
1010,16,10.937447
1011,31,15.419755
1012,17,12.339454
1013,182,5.754157
1014,14,11.690067
1015,27,16.140108
1016,30,9.614198
1017,20,12.221795
1018,28,9.305109
1019,46,19.845204
1020,3,5.75568
1021,108,8.193066
1022,94,11.76945
1023,32,17.914514
1024,20,11.215281
1025,16,10.051478
1026,132,10.876002
1027,7,9.449568
1028,16,9.719711
1029,104,12.087213
1030,999,-14.980513
1031,9,9.932338
1032,34,12.171009
1033,33,7.966535
1034,422,5.900301
1035,33,11.106301
1036,9,8.654592
1037,11,7.792172
1038,21,11.236868
1039,5,6.551424
1040,4,7.88464
1041,13,9.866021
1042,8,3.843132
1043,26,15.146495
1044,999,-15.588581
1045,41,-7.36305
1046,56,16.192886
1047,1,-1.022689
1048,23,4.440522
1049,106,12.139079
1050,5,7.014348
1051,999,-37.248141
1052,9,8.233035
1053,5,8.807691
1054,42,14.313632
1055,12,8.802043
1056,8,12.134997
1057,16,9.631317
1058,29,17.643099
1059,37,10.886298
1060,10,4.037016
1061,17,11.637809
1062,33,5.943109
1063,22,12.62384
1064,16,9.200248
1065,19,5.022908
1066,55,10.724828
1067,30,13.574198
1068,7,7.329238
1069,42,12.477675
1070,999,-32.444743
1071,27,9.096276
1072,9,10.326887
1073,146,9.885102
1074,31,5.485899
1075,13,6.076752
1076,49,18.537215
1077,7,8.843954
1078,35,11.599412
1079,7,11.39796
1080,724,-17.611849
1081,28,11.987112
1082,999,-32.948415
1083,22,12.018098
1084,46,12.620712
1085,8,9.390257
1086,4,6.411327
1087,999,-26.51794
1088,45,13.130396
1089,151,10.331225
1090,999,-18.731324
1091,27,14.132608
1092,999,-35.079254
1093,52,14.593355
1094,12,10.182911
1095,10,13.996492
1096,35,11.177136
1097,10,14.609469
1098,4,8.212681
1099,13,14.731536
1100,191,3.536928
1101,9,11.612963
1102,8,11.744036
1103,10,7.517233
1104,18,9.281234
1105,999,-14.93303
1106,64,13.90081
1107,999,-43.395625
1108,31,13.267358
1109,16,13.133127
1110,19,11.872603
1111,13,9.658051
1112,13,14.640911
1113,38,10.191831
1114,11,2.869188
1115,7,10.38606
1116,7,15.645043
1117,1,-2.770191
1118,30,10.823887
1119,14,11.679661
1120,7,9.398494
1121,44,11.39254
1122,0,1.720867
1123,223,12.00403
1124,16,12.327744
1125,33,14.521895
1126,6,6.727149
1127,12,9.860298
1128,11,-0.494296
1129,1,1.083598
1130,32,12.443983
1131,19,8.953156
1132,9,11.955787
1133,67,12.939031
1134,4,9.196339
1135,1,3.901112
1136,12,7.034198
1137,9,9.075842
1138,5,5.123232
1139,22,14.630932
1140,46,9.918552
1141,41,15.703589
1142,999,-17.628592
1143,22,16.202933
1144,32,7.145001
1145,87,15.097589
1146,5,7.34274
1147,17,9.450286
1148,23,9.474237
1149,44,10.366132
1150,31,6.184393
1151,4,7.630344
1152,54,8.914341
1153,999,-24.494561
1154,13,12.041246
1155,91,9.341699
1156,47,14.741939
1157,17,15.201711
1158,27,10.180369
1159,17,9.031518
1160,135,12.67262
1161,30,15.813437
1162,11,13.627464
1163,9,7.542421
1164,22,13.034526
1165,10,9.975151
1166,25,11.369333
1167,102,13.354154
1168,18,15.425944
1169,20,11.611746
1170,11,13.249422
1171,5,5.85172
1172,4,6.111706
1173,22,10.441834
1174,14,10.690779
1175,4,11.94017
1176,230,1.569239
1177,19,15.276517
1178,27,16.403067
1179,47,13.66685
1180,18,15.983563
1181,58,11.431554
1182,37,15.176566
1183,10,13.22149
1184,110,15.471672
1185,24,12.993606
1186,9,9.460007
1187,40,18.384915
1188,60,13.333829
1189,11,7.278576
1190,66,8.726834
1191,999,-27.867967
1192,12,9.167864
1193,1,2.942029
1194,8,1.69156
1195,8,6.484539
1196,18,14.412227
1197,3,5.314603
1198,24,14.275893
1199,39,9.377794
1200,11,10.076826
1201,39,16.618813
1202,26,15.28683
1203,65,10.815812
1204,43,13.832206
1205,25,9.063584
1206,17,12.025449
1207,204,6.999827
1208,16,13.885142
1209,63,12.358426
1210,7,11.652564
1211,168,7.530351
1212,35,14.628823
1213,5,5.865597
1214,10,7.151177
1215,52,18.04672
1216,7,11.070064
1217,2,3.496419
1218,28,18.860995
1219,21,17.49271
1220,16,15.031693
1221,21,13.078513
1222,5,12.301167
1223,52,13.947255
1224,14,10.951035
1225,21,13.463448
1226,2,1.673994
1227,38,15.186983
1228,70,10.356295
1229,11,12.594334
1230,14,12.849538
1231,9,7.533201
1232,9,10.335023
1233,3,9.16619
1234,11,8.470623
1235,24,9.449563
1236,0,1.623346
1237,27,12.910597
1238,3,8.493179
1239,2,1.681258
1240,34,12.214995
1241,17,8.602524
1242,166,13.899342
1243,8,12.44612
1244,18,9.165321
1245,48,15.288815
1246,68,9.851249
1247,169,11.39332
1248,55,9.933545
1249,14,11.316161
1250,91,10.374595
1251,110,9.757247
1252,8,10.043934
1253,392,1.572905
1254,32,7.74726
1255,72,12.145343
1256,23,11.430641
1257,31,10.470626
1258,16,9.744924
1259,96,13.213942
1260,23,10.963031
1261,35,17.345993
1262,30,11.944843
1263,190,5.681498
1264,11,15.3338
1265,696,-14.801696
1266,60,10.862614
1267,29,10.386398
1268,24,16.566009
1269,12,11.810583
1270,8,11.986836
1271,61,9.262721
1272,23,14.733076
1273,111,14.794706
1274,655,-11.621352
1275,6,10.888132
1276,24,14.49662
1277,58,11.6388
1278,17,13.992075
1279,999,-37.422877
1280,48,8.268972
1281,49,14.458966
1282,16,15.033587
1283,79,15.49597
1284,3,8.606178
1285,3,5.292443
1286,16,9.248669
1287,31,15.963523
1288,222,13.378954
1289,120,11.145095
1290,5,3.352667
1291,36,12.264888
1292,32,11.724999
1293,29,13.202827
1294,15,13.158302
1295,14,11.37004
1296,103,11.259104
1297,999,-24.873871
1298,411,2.991812
1299,7,12.783047
1300,5,10.814847
1301,21,8.834843
1302,16,7.502188
1303,335,7.004445
1304,11,12.970947
1305,38,11.396608
1306,40,13.754064
1307,40,3.539845
1308,4,6.008152
1309,5,8.875163
1310,35,17.644639
1311,1,1.501551
1312,66,12.659095
1313,10,10.238711
1314,42,9.092559
1315,4,4.883101
1316,43,12.781862
1317,12,4.627468
1318,13,7.842913
1319,54,11.429497
1320,5,9.159279
1321,268,9.734157
1322,12,8.268484
1323,46,15.124958
1324,13,9.778573
1325,198,11.66445
1326,33,10.205413
1327,5,8.643838
1328,11,8.035309
1329,22,7.454788
1330,3,5.939793
1331,54,12.340184
1332,29,14.501724
1333,34,15.093954
1334,5,7.715966
1335,32,7.123519
1336,32,9.916007
1337,76,16.245722
1338,14,14.144027
1339,128,11.007034
1340,45,11.633774
1341,20,11.614421
1342,10,11.831002
1343,10,10.745701
1344,18,10.454515
1345,53,10.589882
1346,11,11.778826
1347,20,10.66465
1348,11,12.790575
1349,17,8.11718
1350,23,15.368631
1351,18,10.740169
1352,5,9.467408
1353,17,13.794079
1354,3,9.604214
1355,1,0.727513
1356,42,10.239054
1357,185,11.368542
1358,14,15.186516
1359,9,11.540314
1360,0,1.524648
1361,12,12.057841
1362,10,11.072082
1363,12,8.88966
1364,21,5.478562
1365,5,6.380701
1366,9,10.228799
1367,131,8.885139
1368,14,10.553211
1369,18,16.231989
1370,201,6.643614
1371,3,9.30384
1372,59,12.61108
1373,56,10.544499
1374,9,7.269844
1375,4,8.641315
1376,16,16.442582
1377,73,15.242268
1378,11,12.922543
1379,24,15.342015
1380,172,7.568405
1381,97,12.519927
1382,17,9.980418
1383,53,9.780583
1384,7,11.080673
1385,47,13.381681
1386,25,16.12477
1387,223,7.092064
1388,129,5.158956
1389,9,15.513963
1390,16,9.255499
1391,13,9.964048
1392,1,4.568005
1393,49,11.628335
1394,8,11.398664
1395,22,13.525304
1396,12,9.947965
1397,4,10.758992
1398,9,4.203366
1399,24,13.277529
1400,999,-29.548252
1401,13,11.935406
1402,14,13.810659
1403,2,5.057264
1404,4,6.001419
1405,1,-0.061884
1406,15,10.314971
1407,11,10.018358
1408,4,4.816637
1409,4,5.934709
1410,14,12.993177
1411,30,12.513089
1412,5,4.798839
1413,8,12.24732
1414,999,-27.685498
1415,5,6.135355
1416,9,6.921938
1417,13,16.780259
1418,20,16.553994
1419,0,-2.021491
1420,6,6.582129
1421,55,11.308931
1422,29,14.393958
1423,25,11.825381
1424,10,11.428092
1425,41,10.514031
1426,25,12.558314
1427,26,11.891973
1428,999,-25.800416
1429,21,8.621323
1430,23,14.097645
1431,16,13.601684
1432,867,-12.117735
1433,16,7.139253
1434,4,2.103243
1435,95,7.964471
1436,999,-11.331331
1437,27,12.552541
1438,34,15.99268
1439,10,13.616297
1440,999,-28.270373
1441,28,13.129232
1442,16,12.975245
1443,999,-14.513072
1444,27,14.951508
1445,26,9.385217
1446,21,14.496605
1447,29,13.732624
1448,188,25.421261
1449,33,17.253563
1450,34,11.018973
1451,26,10.33067
1452,5,9.237508
1453,9,10.705159
1454,22,14.984798
1455,17,8.032849
1456,14,11.467481
1457,10,8.643804
1458,7,7.809827
1459,58,13.524041
1460,27,11.228836
1461,24,7.441217
1462,22,2.538883
1463,4,8.417689
1464,5,8.826576
1465,5,7.51247
1466,102,15.264115
1467,4,6.111875
1468,9,13.94312
1469,17,12.583768
1470,0,-4.037514
1471,12,10.381709
1472,8,5.603666
1473,999,-31.602632
1474,999,-15.62812
1475,15,9.799964
1476,135,7.843444
1477,8,11.350969
1478,35,15.370409
1479,999,-11.305326
1480,351,3.467229
1481,999,-13.106976
1482,10,8.355378
1483,14,14.030925
1484,40,9.4747
1485,28,6.354565
1486,11,10.051435
1487,13,12.976702
1488,6,7.078701
1489,1,2.586432
1490,20,12.223051
1491,62,14.117592
1492,67,12.013552
1493,4,7.458126
1494,0,-0.452984
1495,29,16.735032
1496,21,14.670791
1497,10,11.18111
1498,72,12.129379
1499,29,12.025509
